timestamp,speed,steer,throttle,brake
7191,0.0,0.0,0.0,1
3920,52.39,0.0,0.5,0
1338,22.84,0.0,0.5,0
6097,20.43,0.0,0.5,0
993,15.55,0.0,0.0,1
3477,23.71,0.0,0.5,0
9385,0.0,0.0,0.0,1
2312,17.76,0.0,1.0,0
3516,0.0,0.0,1.0,0
11,0.01,0.0,1.0,0
5965,22.85,0.0,0.5,0
2733,20.65,0.0,0.5,0
9254,21.1,0.0,0.5,0
5054,52.25,0.0,1.0,0
9828,0.0,0.0,0.0,1
3812,20.81,0.0,0.5,0
1580,22.62,0.0,0.5,0
8021,0.0,0.0,1.0,0
1033,23.54,0.0,1.0,0
8172,0.0,0.0,0.0,1
154,19.85,0.0,1.0,0
1270,22.91,0.0,0.5,0
1034,25.93,0.0,1.0,0
7149,0.0,0.0,0.0,1
9516,0.0,0.0,1.0,0
5939,23.63,0.0,0.5,0
1427,15.61,0.0,1.0,0
5708,20.76,0.0,0.5,0
9583,80.82,0.0,0.5,0
1115,48.99,0.0,1.0,0
3663,25.96,0.0,0.5,0
3780,0.0,0.0,0.0,1
8144,0.0,0.0,0.0,1
7507,-0.09,0.0,1.0,0
6721,22.89,0.0,0.5,0
5,0.0,0.0,1.0,0
9860,0.0,0.0,0.0,1
7429,0.0,0.0,0.0,1
2406,22.91,0.0,0.5,0
2436,22.09,0.0,0.5,0
7180,0.0,0.0,0.0,1
2282,20.94,0.0,0.5,0
5607,0.0,0.0,0.0,1
59,0.0,0.0,0.0,1
8194,0.0,0.0,0.0,1
9387,0.0,0.0,0.0,1
3823,20.38,0.0,0.5,0
3527,3.19,0.0,1.0,0
3794,19.83,0.0,1.0,0
9625,81.46,0.0,0.5,0
5356,17.95,0.0,1.0,0
2003,0.0,0.0,1.0,0
8237,0.0,0.0,0.0,1
9360,0.0,0.0,0.0,1
2631,0.0,0.0,0.0,1
7088,20.94,0.0,0.5,0
1362,20.03,0.0,0.5,0
9928,0.0,0.0,0.0,1
6600,0.0,0.0,0.0,1
8245,0.0,0.0,0.0,1
2520,0.0,0.0,1.0,0
264,20.84,0.0,0.5,0
9845,0.0,0.0,0.0,1
4658,22.14,0.0,0.5,0
382,19.78,0.0,1.0,0
7130,0.0,0.0,0.0,1
7401,10.44,0.0,0.0,1
9534,25.98,0.0,1.0,0
6503,0.0,0.0,1.0,0
14,0.0,0.0,1.0,0
1701,21.07,0.0,0.5,0
4408,0.0,0.0,0.0,1
9859,0.0,0.0,0.0,1
9317,0.0,0.0,0.0,1
3779,0.0,0.0,0.0,1
6398,19.88,0.0,1.0,0
5453,19.74,0.0,1.0,0
7016,0.0,0.0,1.0,0
7228,0.0,0.0,0.0,1
9709,-0.06,0.0,0.0,1
1719,20.76,0.0,0.5,0
8548,21.4,0.0,0.5,0
1170,15.57,0.0,1.0,0
3521,0.0,0.0,1.0,0
3118,56.76,0.0,1.0,0
3162,39.91,0.0,1.0,0
1578,23.25,0.0,0.5,0
5664,22.68,0.0,0.5,0
9084,19.7,0.0,1.0,0
507,-0.09,0.0,1.0,0
5475,22.88,0.0,0.5,0
2111,22.9,0.0,0.5,0
9899,0.0,0.0,0.0,1
5192,31.0,0.0,1.0,0
6601,0.0,0.0,0.0,1
5643,3.8,0.0,1.0,0
7275,0.0,0.0,0.0,1
6010,0.01,0.0,1.0,0
7138,0.0,0.0,0.0,1
3928,49.59,0.0,1.0,0
9264,22.9,0.0,0.5,0
9858,0.0,0.0,0.0,1
2521,0.0,0.0,1.0,0
1606,20.23,0.0,0.5,0
8411,22.16,0.0,0.5,0
9408,0.0,0.0,0.0,1
7531,18.0,0.0,1.0,0
6997,20.75,0.0,0.5,0
4671,19.51,0.0,1.0,0
9827,0.0,0.0,0.0,1
2729,22.12,0.0,0.5,0
8051,20.24,0.0,0.5,0
8422,21.01,0.0,0.5,0
8003,0.0,0.0,1.0,0
295,0.0,0.0,0.0,1
2524,0.0,0.0,1.0,0
8467,20.64,0.0,0.5,0
4409,0.0,0.0,0.0,1
2587,0.0,0.0,0.0,1
9397,0.0,0.0,0.0,1
2852,20.71,0.0,0.5,0
1828,19.52,0.0,0.0,1
2743,20.5,0.0,0.5,0
2073,22.7,0.0,0.5,0
8376,19.81,0.0,1.0,0
5549,20.95,0.0,0.5,0
9202,20.81,0.0,0.5,0
2098,21.13,0.0,0.5,0
3948,50.34,0.0,0.5,0
9947,0.0,0.0,0.0,1
8397,21.61,0.0,0.5,0
3015,0.0,0.0,1.0,0
9713,-0.01,0.0,0.0,1
3517,0.0,0.0,1.0,0
7536,26.53,0.0,0.5,0
9477,21.79,0.0,0.5,0
4432,0.0,0.0,0.0,1
9115,21.59,0.0,0.5,0
7315,22.89,0.0,0.5,0
4352,13.89,0.0,0.0,1
235,20.99,0.0,0.5,0
6026,0.0,0.0,1.0,0
4077,22.69,0.0,0.5,0
6558,0.0,0.0,0.0,1
9505,0.0,0.0,1.0,0
5630,-0.02,0.0,0.0,1
1143,31.12,0.0,1.0,0
7148,0.0,0.0,0.0,1
6034,25.18,0.0,0.5,0
8717,20.32,0.0,0.5,0
7246,0.0,0.0,0.0,1
9900,0.0,0.0,0.0,1
521,0.0,0.0,1.0,0
9885,0.0,0.0,0.0,1
7236,0.0,0.0,0.0,1
9434,0.0,0.0,0.0,1
7141,0.0,0.0,0.0,1
6566,0.0,0.0,0.0,1
3565,62.7,0.0,1.0,0
4389,0.0,0.0,0.0,1
9247,22.74,0.0,0.5,0
2881,20.89,0.0,0.5,0
1015,0.0,0.0,1.0,0
5611,0.0,0.0,0.0,1
3021,0.0,0.0,1.0,0
9339,0.0,0.0,0.0,1
8650,20.06,0.0,0.5,0
71,0.0,0.0,0.0,1
9309,0.0,0.0,0.0,1
8069,21.03,0.0,0.5,0
6616,0.0,0.0,0.0,1
8502,0.0,0.0,1.0,0
7977,0.0,0.0,0.0,1
8628,20.67,0.0,0.5,0
8180,0.0,0.0,0.0,1
2557,0.0,0.0,0.0,1
8332,19.73,0.0,1.0,0
9310,0.0,0.0,0.0,1
8226,0.0,0.0,0.0,1
9383,0.0,0.0,0.0,1
7265,0.0,0.0,0.0,1
9113,22.32,0.0,0.5,0
1667,20.78,0.0,0.5,0
5629,-0.02,0.0,0.0,1
535,28.12,0.0,1.0,0
9508,0.0,0.0,1.0,0
4361,-0.04,0.0,0.0,1
385,21.03,0.0,0.5,0
7436,0.0,0.0,0.0,1
2850,19.49,0.0,1.0,0
8151,0.0,0.0,0.0,1
228,20.66,0.0,0.5,0
8744,21.91,0.0,0.5,0
8553,19.69,0.0,1.0,0
9097,21.07,0.0,0.5,0
8254,0.0,0.0,0.0,1
4419,0.0,0.0,0.0,1
6005,0.0,0.0,1.0,0
8235,0.0,0.0,0.0,1
9353,0.0,0.0,0.0,1
4294,21.53,0.01,0.5,0
1259,21.6,0.01,0.5,0
6908,0.0,-0.01,0.0,1
7824,0.0,-0.01,0.0,1
7781,0.0,-0.01,0.0,1
1049,43.15,0.01,1.0,0
657,51.63,-0.01,0.5,0
8564,19.57,0.01,1.0,0
2182,21.76,0.01,0.5,0
450,21.79,-0.01,0.5,0
8895,0.0,-0.01,0.0,1
9193,22.14,-0.01,0.5,0
7672,0.0,-0.01,0.0,1
1622,22.11,0.01,0.5,0
6918,0.0,-0.01,0.0,1
5301,0.0,0.01,0.0,1
3572,68.75,-0.01,1.0,0
4477,22.78,0.01,0.0,1
7817,0.0,-0.01,0.0,1
8804,0.0,-0.01,0.0,1
8372,20.78,-0.01,0.5,0
7638,0.0,-0.01,0.0,1
8993,0.0,-0.01,0.0,1
1265,19.58,0.01,1.0,0
4789,0.0,0.01,0.0,1
8967,0.0,-0.01,0.0,1
7904,0.0,-0.01,0.0,1
3354,0.0,0.01,0.0,1
7365,19.74,-0.01,1.0,0
6493,20.13,-0.01,0.5,0
7480,20.58,0.01,0.5,0
6495,21.15,-0.01,0.5,0
8806,0.0,-0.01,0.0,1
8962,0.0,-0.01,0.0,1
5722,21.4,0.01,0.5,0
3915,48.69,0.01,1.0,0
2296,20.63,-0.01,0.5,0
5691,20.88,-0.01,0.5,0
7316,23.08,0.01,0.5,0
4220,19.63,-0.01,1.0,0
8060,20.56,0.01,0.5,0
3853,20.77,-0.01,0.5,0
3275,0.0,0.01,0.0,1
7876,0.0,-0.01,0.0,1
2484,20.05,0.01,0.5,0
6649,11.26,-0.01,1.0,0
9044,23.2,-0.01,0.5,0
6938,23.51,0.01,0.5,0
4821,0.0,0.01,0.0,1
2803,19.54,-0.01,1.0,0
3542,37.6,-0.01,1.0,0
6541,11.48,-0.01,0.0,1
8869,0.0,-0.01,0.0,1
3957,47.61,-0.01,1.0,0
6863,0.0,-0.01,0.0,1
1649,21.08,-0.01,0.5,0
6834,0.0,-0.01,0.0,1
6273,22.74,0.01,0.5,0
3640,80.74,-0.01,0.0,1
8952,0.0,-0.01,0.0,1
7084,20.09,-0.01,0.5,0
4780,0.0,0.01,0.0,1
6776,-0.11,-0.01,0.0,1
3333,0.0,0.01,0.0,1
4059,25.8,0.01,0.5,0
2291,20.76,0.01,0.5,0
8847,0.0,-0.01,0.0,1
4871,0.0,0.01,0.0,1
5532,20.98,-0.01,0.5,0
8388,19.97,0.01,1.0,0
4553,19.53,0.01,1.0,0
6282,19.67,0.01,1.0,0
7041,24.69,0.01,0.5,0
8537,26.47,-0.01,0.5,0
5241,0.0,0.01,0.0,1
7823,0.0,-0.01,0.0,1
4654,19.76,-0.01,1.0,0
3092,62.85,0.01,1.0,0
4303,21.95,-0.01,0.5,0
2379,21.5,0.01,0.5,0
5716,22.65,-0.01,0.5,0
1376,20.69,0.01,0.5,0
4134,22.74,-0.01,0.5,0
7375,21.8,0.01,0.5,0
4747,0.0,0.01,0.0,1
6494,20.83,-0.01,0.5,0
2189,20.0,0.01,0.5,0
4316,20.01,-0.01,0.5,0
4710,-0.04,0.01,0.0,1
6783,-0.01,-0.01,0.0,1
1659,22.81,-0.01,0.5,0
6818,0.0,-0.01,0.0,1
2531,17.95,-0.01,1.0,0
6910,0.0,-0.01,0.0,1
1141,36.12,-0.01,0.0,1
1158,18.43,0.01,1.0,0
7778,0.0,-0.01,0.0,1
8938,0.0,-0.01,0.0,1
8893,0.0,-0.01,0.0,1
2482,20.6,0.01,0.5,0
6401,22.74,0.01,0.5,0
8325,22.18,-0.01,0.5,0
4069,17.98,-0.01,1.0,0
4661,22.8,0.01,0.5,0
4631,21.06,0.01,0.5,0
7870,0.0,-0.01,0.0,1
8972,0.0,-0.01,0.0,1
7896,0.0,-0.01,0.0,1
6771,11.54,-0.01,0.0,1
4062,23.13,0.01,0.5,0
5170,20.62,0.01,1.0,0
5430,22.32,-0.01,0.5,0
9137,19.53,0.01,1.0,0
4548,21.26,-0.01,0.5,0
4117,22.13,0.01,0.5,0
2305,4.46,-0.01,1.0,0
6903,0.0,-0.01,0.0,1
5424,20.88,-0.01,0.5,0
3474,21.44,0.01,0.5,0
4258,21.71,0.01,0.5,0
1196,38.83,0.01,0.0,1
3264,0.0,0.01,0.0,1
3139,56.83,-0.01,0.0,1
9248,22.91,0.01,0.5,0
1451,0.0,0.01,0.0,1
9607,80.95,-0.01,0.5,0
6952,20.05,0.01,0.5,0
3420,0.0,0.01,0.0,1
3570,66.2,-0.01,1.0,0
6249,20.07,-0.01,0.5,0
8751,19.5,-0.01,1.0,0
4083,20.9,0.01,0.5,0
7385,21.02,-0.01,0.5,0
6315,23.17,-0.01,1.0,0
6426,20.38,-0.01,0.5,0
8977,0.0,-0.01,0.0,1
7839,0.0,-0.01,0.0,1
2702,20.3,-0.01,0.5,0
5183,34.41,-0.01,1.0,0
6233,20.14,0.01,0.5,0
5274,0.0,0.01,0.0,1
3309,0.0,0.01,0.0,1
2895,21.91,0.01,0.5,0
7670,0.0,-0.01,0.0,1
2156,19.78,0.01,1.0,0
989,12.97,0.01,1.0,0
6306,22.48,-0.01,0.5,0
8965,0.0,-0.01,0.0,1
5649,6.98,-0.01,0.0,1
1233,37.13,0.01,1.0,0
8802,0.0,-0.01,0.0,1
5203,20.55,-0.01,0.0,1
6905,0.0,-0.01,0.0,1
8912,0.0,-0.01,0.0,1
313,14.81,0.01,1.0,0
4095,20.32,-0.01,0.5,0
6086,20.9,0.01,0.5,0
7309,15.46,0.01,1.0,0
9133,20.76,0.01,0.5,0
6773,4.92,-0.01,0.0,1
7935,0.0,-0.01,0.0,1
9270,21.08,0.01,0.5,0
7889,0.0,-0.01,0.0,1
9076,22.44,-0.01,0.5,0
1835,13.61,-0.01,0.0,1
7307,15.37,0.01,1.0,0
4822,0.0,0.01,0.0,1
2834,19.69,-0.01,1.0,0
5254,0.0,0.01,0.0,1
4752,0.0,0.01,0.0,1
1432,15.98,0.01,0.0,1
7950,0.0,-0.01,0.0,1
6128,21.1,0.01,0.5,0
263,21.23,-0.01,0.5,0
6795,0.0,-0.01,0.0,1
3882,46.21,-0.01,1.0,0
8475,20.91,0.01,0.5,0
2647,7.76,-0.01,1.0,0
8995,0.0,-0.01,0.0,1
4849,0.0,0.01,0.0,1
2369,19.57,0.01,1.0,0
7743,0.0,-0.01,0.0,1
7770,0.0,-0.01,0.0,1
8444,22.98,0.01,0.5,0
3236,-0.03,0.01,0.0,1
3308,0.0,0.01,0.0,1
2273,21.77,-0.01,0.5,0
243,20.74,0.01,0.5,0
2446,20.36,0.01,0.5,0
3302,0.0,0.01,0.0,1
7108,21.05,-0.01,0.0,1
556,55.28,0.01,1.0,0
1031,17.91,-0.01,1.0,0
7391,19.8,0.01,1.0,0
4584,20.87,-0.01,0.5,0
3838,20.63,0.01,0.5,0
6173,22.92,-0.01,0.5,0
3531,17.73,-0.01,1.0,0
3294,0.0,0.01,0.0,1
4084,20.55,0.01,0.5,0
5428,22.91,-0.02,0.5,0
545,37.71,0.02,1.0,0
1905,0.0,-0.02,0.0,1
4992,22.71,-0.02,0.5,0
9250,22.53,0.02,0.5,0
2204,20.83,-0.02,0.5,0
928,0.0,0.02,0.0,1
558,57.99,0.02,1.0,0
5189,40.46,0.02,0.0,1
1895,0.0,-0.02,0.0,1
1496,19.66,0.02,1.0,0
1542,37.99,0.02,1.0,0
783,0.0,0.02,0.0,1
5091,81.88,-0.02,0.5,0
1863,0.0,-0.02,0.0,1
9641,53.52,0.02,0.5,0
5086,80.04,0.02,0.5,0
6350,28.3,0.02,0.5,0
3208,19.95,0.02,1.0,0
1899,0.0,-0.02,0.0,1
9072,21.93,-0.02,0.5,0
967,0.0,0.02,0.0,1
3938,52.26,-0.02,0.5,0
8044,23.17,0.02,0.5,0
6465,22.7,-0.02,0.5,0
613,60.04,0.02,1.0,0
5497,21.09,-0.02,0.5,0
1245,20.23,0.02,0.5,0
5179,26.4,-0.02,1.0,0
769,0.0,0.02,0.0,1
823,0.0,0.02,0.0,1
8326,21.78,-0.02,0.5,0
3860,21.97,-0.02,0.5,0
925,0.0,0.02,0.0,1
3809,19.86,-0.02,1.0,0
1536,29.94,-0.02,1.0,0
957,0.0,0.02,0.0,1
3144,44.05,-0.02,1.0,0
1222,40.74,-0.02,1.0,0
1932,0.0,-0.02,0.0,1
5182,32.61,-0.02,1.0,0
951,0.0,0.02,0.0,1
4984,20.06,0.02,0.5,0
730,0.0,0.02,0.0,1
3835,21.76,-0.02,0.5,0
4991,22.8,-0.02,0.5,0
3891,51.33,0.02,0.5,0
1966,0.0,-0.02,0.0,1
3555,53.5,-0.02,1.0,0
5187,40.96,0.02,0.0,1
3910,49.47,-0.02,1.0,0
8367,20.01,-0.02,0.5,0
1587,19.93,0.02,1.0,0
9598,80.86,0.02,0.5,0
840,0.0,0.02,0.0,1
891,0.0,0.02,0.0,1
805,0.0,0.02,0.0,1
1915,0.0,-0.02,0.0,1
1648,21.18,-0.02,0.5,0
3841,19.7,-0.02,1.0,0
1851,0.0,-0.02,0.0,1
1888,0.0,-0.02,0.0,1
1208,31.2,-0.02,1.0,0
1803,20.83,0.02,0.5,0
4999,20.29,-0.02,0.5,0
774,0.0,0.02,0.0,1
6754,22.51,0.02,0.5,0
718,0.0,0.02,0.0,1
835,0.0,0.02,0.0,1
5427,23.01,-0.02,0.5,0
1885,0.0,-0.02,0.0,1
4632,21.12,0.02,0.5,0
937,0.0,0.02,0.0,1
6146,21.53,-0.02,0.5,0
1978,-0.04,-0.02,1.0,0
3708,20.6,-0.02,0.5,0
790,0.0,0.02,0.0,1
1980,1.38,-0.02,1.0,0
6056,22.05,-0.02,0.5,0
5070,66.72,-0.02,1.0,0
3832,22.77,-0.02,0.5,0
6326,41.66,0.02,1.0,0
8538,26.17,-0.02,0.5,0
787,0.0,0.02,0.0,1
1941,0.0,-0.02,0.0,1
1323,22.57,0.02,0.5,0
771,0.0,0.02,0.0,1
1039,34.64,-0.02,1.0,0
9601,80.2,-0.02,0.5,0
2337,20.11,-0.02,0.5,0
205,22.98,-0.02,0.5,0
832,0.0,0.02,0.0,1
6219,19.6,0.02,1.0,0
873,0.0,0.02,0.0,1
5085,80.24,0.02,0.5,0
8748,20.42,0.02,0.5,0
779,0.0,0.02,0.0,1
8577,20.31,-0.02,0.5,0
808,0.0,0.02,0.0,1
1874,0.0,-0.02,0.0,1
1989,18.16,-0.02,1.0,0
1223,43.11,-0.02,1.0,0
1844,-0.04,-0.02,0.0,1
4982,20.92,0.02,0.5,0
747,0.0,0.02,0.0,1
5967,22.92,0.02,0.5,0
1237,37.9,0.02,0.0,1
721,0.0,0.02,0.0,1
1586,20.29,0.02,0.5,0
960,0.0,0.02,0.0,1
5000,19.94,-0.02,1.0,0
726,0.0,0.02,0.0,1
3833,22.49,-0.02,0.5,0
1128,45.97,-0.02,1.0,0
6755,22.18,0.02,0.5,0
9596,80.22,0.02,0.5,0
1937,0.0,-0.02,0.0,1
3970,32.19,-0.02,0.0,1
222,22.74,0.02,0.5,0
903,0.0,0.02,0.0,1
1060,42.71,0.02,1.0,0
1931,0.0,-0.02,0.0,1
2336,20.4,-0.02,0.5,0
1416,20.5,-0.02,0.5,0
5180,28.68,-0.02,1.0,0
6264,20.37,0.02,0.5,0
1946,0.0,-0.02,0.0,1
2794,20.98,-0.02,0.5,0
917,0.0,0.02,0.0,1
4229,21.95,-0.02,0.5,0
5970,21.93,0.02,0.5,0
1126,46.17,-0.02,1.0,0
583,63.09,0.02,1.0,0
420,21.14,0.02,0.5,0
1812,20.91,0.02,0.5,0
902,0.0,0.02,0.0,1
1909,0.0,-0.02,0.0,1
1155,20.72,0.02,0.0,1
5426,22.8,-0.02,0.5,0
2151,21.06,0.02,0.5,0
5725,20.31,0.02,0.5,0
1418,19.85,-0.02,1.0,0
1712,23.0,-0.02,0.5,0
1852,0.0,-0.02,0.0,1
204,22.78,-0.02,0.5,0
1204,28.34,0.02,1.0,0
1893,0.0,-0.02,0.0,1
1944,0.0,-0.02,0.0,1
2860,21.4,0.02,0.5,0
709,0.79,0.02,0.0,1
948,0.0,0.02,0.0,1
3541,36.96,-0.02,1.0,0
2199,20.04,-0.02,0.5,0
1866,0.0,-0.02,0.0,1
885,0.0,0.02,0.0,1
9548,41.04,0.02,1.0,0
9603,79.61,-0.02,1.0,0
4135,22.92,-0.02,0.5,0
247,20.86,0.02,0.5,0
3042,38.0,-0.02,1.0,0
806,0.0,0.02,0.0,1
5971,21.56,0.02,0.5,0
3121,57.9,0.02,1.0,0
776,0.0,0.02,0.0,1
2699,21.01,-0.02,0.5,0
3563,62.97,0.02,1.0,0
3095,64.76,-0.02,1.0,0
1201,32.67,0.02,1.0,0
1854,0.0,-0.02,0.0,1
5040,35.96,0.02,1.0,0
1072,42.28,0.02,1.0,0
3807,20.58,-0.02,0.5,0
857,0.0,0.02,0.0,1
1964,0.0,-0.02,0.0,1
773,0.0,0.02,0.0,1
3635,78.9,0.02,1.0,0
1808,20.07,0.02,0.5,0
812,0.0,0.02,0.0,1
720,0.0,0.02,0.0,1
1912,0.0,-0.02,0.0,1
4633,21.04,0.02,0.5,0
1256,22.77,0.02,0.5,0
9560,60.85,0.02,1.0,0
616,63.25,0.02,1.0,0
5160,22.57,0.02,0.5,0
8727,22.41,-0.02,0.5,0
9059,22.85,-0.02,0.5,0
880,0.0,0.02,0.0,1
3808,20.21,-0.02,0.5,0
732,0.0,0.02,0.0,1
906,0.0,0.02,0.0,1
867,0.0,0.02,0.0,1
1065,44.91,-0.02,1.0,0
1925,0.0,-0.02,0.0,1
9038,26.17,-0.02,0.5,0
2176,21.92,-0.02,0.5,0
5159,22.84,0.02,0.5,0
9604,79.8,-0.02,1.0,0
3043,37.91,-0.02,1.0,0
1910,0.0,-0.02,0.0,1
550,45.46,0.03,1.0,0
695,19.38,0.03,1.0,0
5809,0.0,0.03,0.0,1
5733,-0.12,0.03,0.0,1
5883,0.0,0.03,0.0,1
5895,0.0,0.03,0.0,1
5862,0.0,0.03,0.0,1
4280,20.56,0.03,0.5,0
9630,79.16,-0.03,0.0,1
4529,11.16,-0.03,1.0,0
5737,-0.03,0.03,0.0,1
5888,0.0,0.03,0.0,1
5079,77.02,-0.03,1.0,0
4037,31.8,-0.03,1.0,0
5805,0.0,0.03,0.0,1
5856,0.0,0.03,0.0,1
5060,60.69,0.03,1.0,0
5920,0.0,0.03,0.0,1
620,67.12,-0.03,1.0,0
4278,20.97,0.03,0.5,0
624,70.47,-0.03,1.0,0
167,20.59,-0.03,0.5,0
3059,59.49,-0.03,1.0,0
5922,-0.04,0.03,1.0,0
3552,48.65,-0.03,1.0,0
5968,22.65,0.03,0.5,0
2328,19.78,-0.03,1.0,0
9631,78.03,-0.03,0.0,1
3063,63.33,-0.03,1.0,0
5742,0.0,0.03,0.0,1
5747,0.0,0.03,0.0,1
5794,0.0,0.03,0.0,1
5802,0.0,0.03,0.0,1
2787,21.12,-0.03,0.5,0
5833,0.0,0.03,0.0,1
5914,0.0,0.03,0.0,1
7328,19.8,-0.03,1.0,0
5823,0.0,0.03,0.0,1
4281,20.29,0.03,0.5,0
2792,19.8,-0.03,1.0,0
3132,50.79,0.03,1.0,0
5877,0.0,0.03,0.0,1
5782,0.0,0.03,0.0,1
3562,63.06,0.03,1.0,0
5906,0.0,0.03,0.0,1
5092,81.73,-0.03,0.5,0
8037,26.48,0.03,0.5,0
5848,0.0,0.03,0.0,1
5824,0.0,0.03,0.0,1
1227,47.54,-0.03,0.0,1
5904,0.0,0.03,0.0,1
1532,20.74,-0.03,1.0,0
4032,20.82,-0.03,1.0,0
5884,0.0,0.03,0.0,1
1147,27.48,0.03,0.0,1
6944,22.22,-0.03,0.5,0
5821,0.0,0.03,0.0,1
5863,0.0,0.03,0.0,1
5815,0.0,0.03,0.0,1
5876,0.0,0.03,0.0,1
4604,19.16,0.03,1.0,0
5873,0.0,0.03,0.0,1
3554,51.95,-0.03,1.0,0
4034,25.91,-0.03,1.0,0
6945,21.81,-0.03,0.5,0
5868,0.0,0.03,0.0,1
5789,0.0,0.03,0.0,1
5812,0.0,0.03,0.0,1
5810,0.0,0.03,0.0,1
5866,0.0,0.03,0.0,1
5771,0.0,0.03,0.0,1
5870,0.0,0.03,0.0,1
5745,0.0,0.03,0.0,1
5830,0.0,0.03,0.0,1
5738,-0.02,0.03,0.0,1
5885,0.0,0.03,0.0,1
5826,0.0,0.03,0.0,1
5776,0.0,0.03,0.0,1
3594,81.51,-0.03,0.5,0
5869,0.0,0.03,0.0,1
5911,0.0,0.03,0.0,1
9564,63.21,0.03,1.0,0
1242,25.87,0.03,0.5,0
330,20.24,-0.03,0.5,0
5731,0.07,0.03,0.0,1
1130,42.38,-0.03,1.0,0
4532,20.8,-0.03,0.5,0
5806,0.0,0.03,0.0,1
5902,0.0,0.03,0.0,1
5779,0.0,0.03,0.0,1
5840,0.0,0.03,0.0,1
3621,80.98,0.03,0.5,0
203,22.2,-0.03,0.5,0
5793,0.0,0.03,0.0,1
9565,63.06,0.03,1.0,0
3637,80.37,-0.03,0.5,0
3707,20.95,-0.03,0.5,0
5773,0.0,0.03,0.0,1
5746,0.0,0.03,0.0,1
5825,0.0,0.03,0.0,1
5864,0.0,0.03,0.0,1
5827,0.0,0.03,0.0,1
547,38.52,0.03,1.0,0
7078,21.15,-0.03,0.5,0
5820,0.0,0.03,0.0,1
5790,0.0,0.03,0.0,1
2246,20.18,-0.03,0.5,0
5849,0.0,0.03,0.0,1
5846,0.0,0.03,0.0,1
2755,20.05,-0.03,0.5,0
5796,0.0,0.03,0.0,1
5785,0.0,0.03,0.0,1
5892,0.0,0.03,0.0,1
5783,0.0,0.03,0.0,1
3058,58.13,-0.03,1.0,0
5861,0.0,0.03,0.0,1
5778,0.0,0.03,0.0,1
164,21.76,-0.03,0.5,0
5795,0.0,0.03,0.0,1
5811,0.0,0.03,0.0,1
5761,0.0,0.03,0.0,1
1056,40.33,-0.03,1.0,0
5891,0.0,0.03,0.0,1
5097,76.8,-0.03,0.0,1
4606,21.89,-0.03,0.5,0
7360,21.54,-0.03,0.5,0
5867,0.0,0.03,0.0,1
1228,44.91,-0.03,0.0,1
5841,0.0,0.03,0.0,1
5803,0.0,0.03,0.0,1
5113,22.13,0.03,0.5,0
5822,0.0,0.03,0.0,1
1109,57.69,-0.03,0.0,1
5748,0.0,0.03,0.0,1
1309,21.2,-0.03,0.5,0
5834,0.0,0.03,0.0,1
557,56.7,0.03,1.0,0
3122,58.84,0.03,0.0,1
5880,0.0,0.03,0.0,1
5797,0.0,0.03,0.0,1
4626,20.12,0.03,0.5,0
5743,0.0,0.03,0.0,1
5740,-0.01,0.03,0.0,1
5871,0.0,0.03,0.0,1
5816,0.0,0.03,0.0,1
5905,0.0,0.03,0.0,1
6956,21.02,0.03,0.5,0
5887,0.0,0.03,0.0,1
5908,0.0,0.03,0.0,1
5756,0.0,0.03,0.0,1
5918,0.0,0.03,0.0,1
5728,14.78,0.03,0.0,1
5382,21.22,-0.03,0.5,0
6673,21.03,-0.03,0.5,0
5860,0.0,0.03,0.0,1
5831,0.0,0.03,0.0,1
5730,4.69,0.03,0.0,1
5039,34.58,0.03,1.0,0
5064,63.07,0.03,1.0,0
5900,0.0,0.03,0.0,1
5769,0.0,0.03,0.0,1
5872,0.0,0.03,0.0,1
2253,22.99,-0.03,0.5,0
5780,0.0,0.03,0.0,1
6953,20.73,0.03,0.5,0
5858,0.0,0.03,0.0,1
5759,0.0,0.03,0.0,1
5901,0.0,0.03,0.0,1
6704,19.71,-0.03,1.0,0
1374,21.43,-0.03,0.5,0
5896,0.0,0.03,0.0,1
5828,0.0,0.03,0.0,1
3905,50.07,0.03,0.5,0
5038,32.98,0.03,1.0,0
5777,0.0,0.03,0.0,1
5078,75.98,-0.03,1.0,0
1133,43.42,0.03,0.0,1
5792,0.0,0.03,0.0,1
5842,0.0,0.03,0.0,1
5767,0.0,0.03,0.0,1
5768,0.0,0.03,0.0,1
5852,0.0,0.03,0.0,1
3940,52.13,-0.03,0.5,0
5736,-0.05,0.03,0.0,1
339,20.57,-0.03,0.5,0
331,19.9,-0.03,1.0,0
5851,0.0,0.03,0.0,1
5844,0.0,0.03,0.0,1
5894,0.0,0.03,0.0,1
5801,0.0,0.03,0.0,1
5881,0.0,0.03,0.0,1
5878,0.0,0.03,0.0,1
5787,0.0,0.03,0.0,1
4531,17.8,-0.03,1.0,0
5903,0.0,0.03,0.0,1
5916,0.0,0.03,0.0,1
5734,-0.1,0.03,0.0,1
4625,20.41,0.03,0.5,0
5791,0.0,0.03,0.0,1
2786,21.31,-0.03,0.5,0
1373,21.81,-0.04,0.5,0
7077,21.48,-0.04,0.5,0
3706,21.3,-0.04,0.5,0
571,64.3,-0.04,0.0,1
6703,19.91,-0.04,1.0,0
2215,22.82,-0.04,0.5,0
5144,22.79,-0.04,0.5,0
366,19.71,-0.04,1.0,0
6954,21.07,0.04,0.5,0
1308,21.2,-0.04,0.5,0
3133,51.34,0.04,1.0,0
570,65.9,-0.04,0.0,1
2363,21.53,-0.04,0.5,0
335,21.03,-0.04,0.5,0
1369,22.88,-0.04,0.5,0
333,20.02,-0.04,0.5,0
1529,11.14,-0.04,1.0,0
7324,20.4,-0.04,0.5,0
5372,13.98,-0.04,1.0,0
3073,70.15,0.04,1.0,0
5112,21.9,0.04,0.5,0
3062,63.42,-0.04,1.0,0
202,20.96,-0.04,0.5,0
6943,22.62,-0.04,0.5,0
336,21.09,-0.04,0.5,0
9677,22.47,0.04,0.5,0
1370,22.78,-0.04,0.5,0
4031,17.85,-0.04,1.0,0
338,20.82,-0.04,0.5,0
5063,63.24,0.04,1.0,0
328,20.97,-0.04,0.5,0
3135,53.15,0.04,1.0,0
1531,17.73,-0.04,1.0,0
3638,81.13,-0.04,0.5,0
4530,14.57,-0.04,1.0,0
3205,20.94,0.04,0.5,0
3630,77.73,0.04,1.0,0
5062,63.29,0.04,1.0,0
6955,21.12,0.04,0.5,0
5409,20.33,-0.04,0.5,0
4624,20.68,0.04,0.5,0
693,18.07,0.04,1.0,0
2252,22.76,-0.04,0.5,0
4030,14.6,-0.04,1.0,0
5371,18.48,-0.04,1.0,0
3134,52.17,0.04,1.0,0
2785,21.41,-0.04,0.5,0
3587,78.83,-0.04,1.0,0
1052,47.9,-0.04,0.0,1
1782,20.74,0.04,0.5,0
3074,71.32,0.04,1.0,0
2754,20.36,-0.04,0.5,0
1779,19.95,0.04,1.0,0
3124,57.13,0.04,1.0,0
4276,20.97,0.04,0.5,0
6393,20.77,-0.04,0.5,0
5408,20.63,-0.04,0.5,0
367,19.52,-0.04,1.0,0
1780,19.76,0.04,1.0,0
3061,62.13,-0.04,1.0,0
334,20.71,-0.04,0.5,0
3075,72.53,0.04,1.0,0
5410,19.99,-0.04,1.0,0
5061,62.0,0.04,1.0,0
1781,20.08,0.04,0.5,0
2666,20.98,0.04,0.5,0
163,22.15,-0.04,0.5,0
3060,60.82,-0.04,1.0,0
4623,20.92,0.04,0.5,0
3705,21.6,-0.05,0.5,0
1306,20.09,-0.05,0.5,0
1307,20.86,-0.05,0.5,0
9676,23.03,0.05,0.5,0
6983,20.09,-0.05,0.5,0
2214,22.96,-0.05,0.5,0
692,18.7,0.05,1.0,0
2251,22.09,-0.05,0.5,0
199,19.8,-0.05,1.0,0
5370,21.68,-0.05,0.0,1
2245,20.51,-0.05,0.5,0
201,19.97,-0.05,1.0,0
337,21.01,-0.05,0.5,0
3634,78.25,0.05,1.0,0
5143,22.75,-0.05,0.5,0
2327,19.99,-0.05,1.0,0
3583,79.81,-0.05,1.0,0
364,20.35,-0.05,0.5,0
6942,23.04,-0.05,0.5,0
4275,20.68,0.05,0.5,0
1778,20.27,0.05,0.5,0
6394,20.42,-0.05,0.5,0
4622,21.09,0.05,0.5,0
3204,21.33,0.05,0.5,0
7359,21.92,-0.05,0.5,0
1368,22.69,-0.05,0.5,0
2751,21.04,-0.05,0.5,0
9639,53.87,0.05,0.5,0
2213,22.74,-0.05,0.5,0
6702,20.25,-0.05,0.5,0
2791,19.97,-0.05,1.0,0
365,20.05,-0.05,0.5,0
6392,21.1,-0.05,0.5,0
5125,24.47,-0.05,0.5,0
2790,20.27,-0.05,0.5,0
327,21.33,-0.05,0.5,0
1055,41.56,-0.05,1.0,0
1530,14.59,-0.05,1.0,0
5111,21.82,0.05,0.5,0
2924,-0.08,-0.06,0.0,1
4621,21.19,0.06,0.5,0
5407,20.94,-0.06,0.5,0
2919,8.29,-0.06,0.0,1
1053,46.89,-0.06,0.0,1
2928,-0.02,-0.06,0.0,1
2921,1.37,-0.06,0.0,1
2929,-0.01,-0.06,0.0,1
2944,1.27,-0.06,1.0,0
3203,21.67,0.06,0.5,0
4274,20.05,0.06,0.5,0
6701,20.6,-0.06,0.5,0
9589,80.47,-0.06,0.5,0
1367,22.06,-0.06,0.5,0
325,22.18,-0.06,0.5,0
2931,0.0,-0.06,0.0,1
2943,0.22,-0.06,1.0,0
2692,20.21,0.06,0.5,0
2789,20.57,-0.06,0.5,0
2244,20.83,-0.06,0.5,0
326,21.78,-0.06,0.5,0
2941,0.0,-0.06,1.0,0
6699,21.36,-0.06,0.5,0
2936,0.0,-0.06,0.0,1
2935,0.0,-0.06,0.0,1
5110,21.89,0.06,0.5,0
1777,20.58,0.06,0.5,0
2932,0.0,-0.06,0.0,1
2937,0.0,-0.06,0.0,1
623,70.53,-0.06,1.0,0
8365,19.88,-0.06,1.0,0
9592,80.16,-0.06,0.5,0
2940,0.0,-0.06,0.0,1
2212,22.07,-0.06,0.5,0
6664,21.68,-0.06,0.5,0
6700,20.98,-0.06,0.5,0
2784,21.33,-0.06,0.5,0
2927,-0.03,-0.06,0.0,1
2926,-0.04,-0.06,0.0,1
7323,20.76,-0.06,0.5,0
7054,19.85,-0.06,1.0,0
6982,20.43,-0.06,0.5,0
8364,20.19,-0.06,0.5,0
5369,21.99,-0.06,0.0,1
2939,0.0,-0.06,0.0,1
2326,20.35,-0.06,0.5,0
2934,0.0,-0.06,0.0,1
1401,20.14,-0.06,0.5,0
2920,5.2,-0.06,0.0,1
7076,21.65,-0.06,0.5,0
2930,-0.01,-0.06,0.0,1
9636,58.11,0.06,0.5,0
162,22.56,-0.06,0.5,0
2925,-0.06,-0.06,0.0,1
2923,-0.1,-0.06,0.0,1
2933,0.0,-0.06,0.0,1
2665,21.35,0.06,0.5,0
1282,20.69,-0.06,0.5,0
2922,-0.06,-0.06,0.0,1
8363,20.48,-0.06,0.5,0
2938,0.0,-0.06,0.0,1
3683,25.52,-0.06,0.5,0
2750,21.12,-0.06,0.5,0
1054,44.27,-0.06,1.0,0
2942,-0.04,-0.06,1.0,0
7065,20.47,-0.07,0.5,0
198,20.17,-0.07,0.5,0
4620,21.14,0.07,0.5,0
1305,19.64,-0.07,1.0,0
1776,20.85,0.07,0.5,0
2788,20.87,-0.07,0.5,0
691,20.07,0.07,0.5,0
2918,11.31,-0.07,0.0,1
2362,21.85,-0.07,0.5,0
7053,19.53,-0.07,1.0,0
2250,20.91,-0.07,0.5,0
7358,22.32,-0.07,0.5,0
1366,20.8,-0.07,0.5,0
2325,20.67,-0.07,0.5,0
3704,21.9,-0.07,0.5,0
6981,20.75,-0.07,0.5,0
6391,21.46,-0.07,0.5,0
2664,21.78,0.07,0.5,0
2749,21.04,-0.07,0.5,0
8362,20.82,-0.07,0.5,0
3633,77.59,0.07,1.0,0
5124,24.5,-0.07,0.5,0
6698,21.71,-0.07,0.5,0
8361,21.09,-0.07,0.5,0
621,68.17,-0.07,1.0,0
2917,14.09,-0.07,0.0,1
2211,20.77,-0.07,0.5,0
9675,23.53,0.07,0.5,0
4273,19.71,0.07,1.0,0
5108,27.47,0.07,0.5,0
7052,19.7,-0.08,1.0,0
2661,22.98,0.08,0.5,0
2748,20.73,-0.08,0.5,0
7357,22.64,-0.08,0.5,0
2952,16.32,-0.08,0.0,1
3682,25.32,-0.08,0.5,0
3586,79.0,-0.08,1.0,0
197,20.46,-0.08,0.5,0
5368,21.36,-0.08,0.5,0
9638,54.33,0.08,0.5,0
7322,21.15,-0.08,0.5,0
4619,20.82,0.08,0.5,0
9637,55.17,0.08,0.5,0
1365,19.81,-0.08,1.0,0
622,69.31,-0.08,1.0,0
4272,19.92,0.08,1.0,0
6663,22.1,-0.08,0.5,0
8360,21.29,-0.08,0.5,0
363,20.65,-0.08,0.5,0
2662,22.59,0.08,0.5,0
161,22.98,-0.08,0.5,0
1281,20.01,-0.08,0.5,0
3202,21.99,0.08,0.5,0
2248,19.65,-0.08,1.0,0
2663,22.18,0.08,0.5,0
4263,20.05,-0.08,0.5,0
9674,23.59,0.08,0.5,0
7064,20.82,-0.08,0.5,0
1293,19.99,-0.08,1.0,0
2249,19.97,-0.08,1.0,0
5142,22.33,-0.08,0.5,0
2210,19.78,-0.08,1.0,0
6390,21.8,-0.08,0.5,0
5109,22.34,0.08,0.5,0
2243,21.16,-0.08,0.5,0
2916,16.31,-0.08,0.0,1
3631,77.31,0.08,1.0,0
1304,19.81,-0.09,1.0,0
7051,20.04,-0.09,0.5,0
2691,20.54,0.09,0.5,0
3500,21.02,0.09,0.5,0
1759,22.14,-0.09,0.5,0
1363,19.69,-0.09,1.0,0
2324,21.04,-0.09,0.5,0
2242,21.37,-0.09,0.5,0
6697,22.12,-0.09,0.5,0
2783,20.97,-0.09,0.5,0
1400,20.46,-0.09,0.5,0
4618,20.13,0.09,0.5,0
7321,21.5,-0.09,0.5,0
4271,20.22,0.09,0.5,0
6389,22.11,-0.09,0.5,0
3584,79.4,-0.09,1.0,0
6696,22.47,-0.09,0.5,0
1280,19.66,-0.09,1.0,0
5123,24.58,-0.09,0.5,0
5406,21.17,-0.09,0.5,0
2660,23.36,0.09,0.5,0
690,22.18,0.09,0.5,0
1364,19.48,-0.09,1.0,0
2361,22.24,-0.09,0.5,0
6980,21.06,-0.09,0.5,0
5367,20.26,-0.09,0.5,0
5394,22.49,-0.09,0.5,0
3632,77.16,0.09,1.0,0
3703,22.2,-0.09,0.5,0
160,23.39,-0.09,0.5,0
1292,20.26,-0.1,0.5,0
6662,22.45,-0.1,0.5,0
8359,21.42,-0.1,0.5,0
7320,21.98,-0.1,0.5,0
9673,23.62,0.1,0.5,0
3499,21.47,0.1,0.5,0
362,20.96,-0.1,0.5,0
3585,79.19,-0.1,1.0,0
2323,21.51,-0.1,0.5,0
5135,22.79,-0.1,0.5,0
3692,25.22,-0.1,0.5,0
2747,20.04,-0.1,0.5,0
9591,80.32,-0.1,0.5,0
4617,19.76,0.1,1.0,0
4256,21.49,0.1,0.5,0
2915,17.41,-0.1,0.0,1
9590,80.44,-0.1,0.5,0
6979,21.36,-0.1,0.5,0
2209,19.47,-0.1,1.0,0
7063,21.12,-0.1,0.5,0
1775,21.07,0.1,0.5,0
3702,22.27,-0.11,0.5,0
2951,14.48,-0.11,1.0,0
5122,24.3,-0.11,0.5,0
7356,22.84,-0.11,0.5,0
6978,21.59,-0.11,0.5,0
1399,20.84,-0.11,0.5,0
6695,22.77,-0.11,0.5,0
2914,16.42,-0.11,0.0,1
2360,22.56,-0.11,0.5,0
7050,20.34,-0.11,0.5,0
2782,20.17,-0.11,0.5,0
3201,22.29,0.11,0.5,0
9667,22.71,0.11,0.5,0
6388,22.4,-0.11,0.5,0
196,20.86,-0.11,0.5,0
1279,19.82,-0.11,1.0,0
2690,20.8,0.11,0.5,0
184,19.71,-0.11,1.0,0
4270,20.53,0.11,0.5,0
1303,20.02,-0.11,0.5,0
3681,25.13,-0.11,0.5,0
9672,23.66,0.12,0.5,0
2746,19.73,-0.12,1.0,0
6684,21.44,-0.12,0.5,0
1387,21.88,-0.12,0.5,0
2208,19.63,-0.12,1.0,0
689,25.13,0.12,0.5,0
5405,21.4,-0.12,0.5,0
3691,25.29,-0.12,0.5,0
6387,22.53,-0.12,0.5,0
7346,21.02,-0.12,0.5,0
4616,19.95,0.12,1.0,0
1398,21.15,-0.12,0.5,0
1291,20.36,-0.12,0.5,0
2913,14.84,-0.13,1.0,0
195,21.22,-0.13,0.5,0
6661,22.86,-0.13,0.5,0
361,21.18,-0.13,0.5,0
6977,21.65,-0.13,0.5,0
7074,22.19,-0.13,0.5,0
7062,21.46,-0.13,0.5,0
5134,22.66,-0.13,0.5,0
1774,21.27,0.13,0.5,0
2359,22.85,-0.13,0.5,0
1278,20.12,-0.13,0.5,0
6660,23.37,-0.13,0.5,0
5121,23.98,-0.13,0.5,0
2241,21.57,-0.13,0.5,0
8358,21.4,-0.13,0.5,0
2745,19.94,-0.13,1.0,0
1760,22.91,-0.13,0.5,0
2207,20.04,-0.13,0.5,0
4269,20.78,0.13,0.5,0
2231,22.37,-0.13,0.5,0
2689,21.12,0.13,0.5,0
5393,22.84,-0.13,0.5,0
194,21.54,-0.14,0.5,0
3701,22.16,-0.14,0.5,0
2349,21.18,-0.14,0.5,0
4615,20.28,0.14,0.5,0
1302,20.27,-0.14,0.5,0
6694,23.0,-0.14,0.5,0
7049,20.62,-0.14,0.5,0
2781,19.79,-0.14,1.0,0
6386,22.3,-0.14,0.5,0
351,21.69,-0.14,0.5,0
3200,22.53,0.14,0.5,0
5404,21.6,-0.14,0.5,0
9663,21.92,0.14,0.5,0
6683,21.63,-0.14,0.5,0
2230,22.56,-0.14,0.5,0
3680,24.9,-0.14,0.5,0
7355,22.84,-0.14,0.5,0
1397,21.4,-0.14,0.5,0
183,20.02,-0.14,0.5,0
5133,22.45,-0.15,0.5,0
1290,20.49,-0.15,0.5,0
2688,21.28,0.15,0.5,0
681,25.3,0.15,0.5,0
688,25.18,0.15,0.5,0
2348,21.55,-0.15,0.5,0
9671,23.67,0.15,0.5,0
3690,25.28,-0.15,0.5,0
5392,23.01,-0.16,0.5,0
1386,22.17,-0.16,0.5,0
8357,21.05,-0.16,0.5,0
2780,19.85,-0.16,1.0,0
1396,21.61,-0.16,0.5,0
5403,21.53,-0.16,0.5,0
7345,21.24,-0.16,0.5,0
360,21.36,-0.16,0.5,0
2912,13.42,-0.16,1.0,0
2347,21.81,-0.16,0.5,0
2358,22.86,-0.16,0.5,0
3199,22.74,0.16,0.5,0
5141,21.4,-0.16,0.5,0
1773,21.35,0.16,0.5,0
2771,19.76,-0.16,1.0,0
1277,20.5,-0.16,0.5,0
4268,21.09,0.16,0.5,0
4614,20.54,0.16,0.5,0
2972,0.0,-0.17,0.0,1
2974,0.0,-0.17,0.0,1
2964,-0.04,-0.17,0.0,1
2992,0.0,-0.17,0.0,1
2961,-0.1,-0.17,0.0,1
2973,0.0,-0.17,0.0,1
2990,0.0,-0.17,0.0,1
2976,0.0,-0.17,0.0,1
9662,21.58,0.17,0.5,0
2965,-0.03,-0.17,0.0,1
2770,19.95,-0.17,1.0,0
2983,0.0,-0.17,0.0,1
2999,0.0,-0.17,0.0,1
5120,23.61,-0.17,0.5,0
182,20.3,-0.17,0.5,0
2962,-0.08,-0.17,0.0,1
2960,-0.05,-0.17,0.0,1
2966,-0.02,-0.17,0.0,1
2998,0.0,-0.17,0.0,1
2989,0.0,-0.17,0.0,1
7061,21.85,-0.17,0.5,0
1289,20.28,-0.17,0.5,0
2978,0.0,-0.17,0.0,1
2963,-0.06,-0.17,0.0,1
2981,0.0,-0.17,0.0,1
2968,-0.01,-0.17,0.0,1
2996,0.0,-0.17,0.0,1
2967,-0.01,-0.17,0.0,1
2982,0.0,-0.17,0.0,1
2975,0.0,-0.17,0.0,1
2995,0.0,-0.17,0.0,1
2997,0.0,-0.17,0.0,1
2977,0.0,-0.17,0.0,1
2984,0.0,-0.17,0.0,1
2970,0.0,-0.17,0.0,1
3000,0.0,-0.17,0.0,1
2959,1.71,-0.17,0.0,1
2979,0.0,-0.17,0.0,1
2985,0.0,-0.17,0.0,1
193,21.84,-0.17,0.5,0
2969,0.0,-0.17,0.0,1
2240,21.74,-0.17,0.5,0
350,21.98,-0.17,0.5,0
2994,0.0,-0.17,0.0,1
2971,0.0,-0.17,0.0,1
2980,0.0,-0.17,0.0,1
2986,0.0,-0.17,0.0,1
2991,0.0,-0.17,0.0,1
2993,0.0,-0.17,0.0,1
2988,0.0,-0.17,0.0,1
6693,23.17,-0.17,0.5,0
1301,20.5,-0.17,0.5,0
2987,0.0,-0.17,0.0,1
6976,21.72,-0.17,0.5,0
2229,22.59,-0.17,0.5,0
5132,22.17,-0.18,0.5,0
6682,21.68,-0.18,0.5,0
2957,8.38,-0.18,0.0,1
1528,7.34,0.18,1.0,0
6385,21.71,-0.18,0.5,0
3679,24.74,-0.18,0.5,0
2958,5.27,-0.18,0.0,1
2687,21.32,0.18,0.5,0
4267,21.27,0.18,0.5,0
8348,22.27,-0.18,0.5,0
7048,20.93,-0.18,0.5,0
3700,21.53,-0.18,0.5,0
2911,12.4,-0.18,1.0,0
4613,20.8,0.19,0.5,0
2769,20.25,-0.19,0.5,0
7354,22.59,-0.19,0.5,0
2779,20.08,-0.19,0.5,0
4028,7.37,0.19,1.0,0
6975,21.31,-0.19,0.5,0
9670,23.52,0.19,0.5,0
1276,20.79,-0.19,0.5,0
687,25.18,0.19,0.5,0
4528,7.36,0.19,1.0,0
1385,22.39,-0.19,0.5,0
8356,20.15,-0.19,0.5,0
4025,0.0,0.2,1.0,0
680,24.99,0.2,0.5,0
4506,0.0,0.2,1.0,0
1395,21.6,-0.2,0.5,0
1505,0.0,0.2,1.0,0
4009,0.01,0.2,1.0,0
4014,0.0,0.2,1.0,0
1511,0.01,0.2,1.0,0
4023,0.0,0.2,1.0,0
4007,-0.08,0.2,1.0,0
4519,0.0,0.2,1.0,0
4523,0.0,0.2,1.0,0
4020,0.0,0.2,1.0,0
1501,0.0,0.2,1.0,0
1514,0.0,0.2,1.0,0
4017,0.0,0.2,1.0,0
4512,0.01,0.2,1.0,0
4514,0.0,0.2,1.0,0
4513,0.0,0.2,1.0,0
1510,0.01,0.2,1.0,0
349,22.36,-0.2,0.5,0
4526,0.0,0.2,1.0,0
1515,0.0,0.2,1.0,0
4522,0.0,0.2,1.0,0
4527,3.16,0.2,1.0,0
3689,25.3,-0.2,0.5,0
4507,-0.08,0.2,1.0,0
4501,0.0,0.2,1.0,0
4005,0.0,0.2,1.0,0
9588,80.33,0.2,0.5,0
4516,0.0,0.2,1.0,0
4008,0.0,0.2,1.0,0
3530,14.75,0.2,1.0,0
2357,22.65,-0.2,0.5,0
1524,0.0,0.2,1.0,0
5402,21.03,-0.2,0.5,0
4505,0.0,0.2,1.0,0
1509,0.01,0.2,1.0,0
4510,0.01,0.2,1.0,0
1504,0.0,0.2,1.0,0
4521,0.0,0.2,1.0,0
4004,0.0,0.2,1.0,0
1519,0.0,0.2,1.0,0
4518,0.0,0.2,1.0,0
1523,0.0,0.2,1.0,0
4504,0.0,0.2,1.0,0
1503,0.0,0.2,1.0,0
1512,0.01,0.2,1.0,0
4517,0.0,0.2,1.0,0
5391,23.01,-0.2,0.5,0
7344,21.48,-0.2,0.5,0
7060,22.04,-0.2,0.5,0
4006,0.0,0.2,1.0,0
4022,0.0,0.2,1.0,0
2346,22.1,-0.2,0.5,0
4024,0.0,0.2,1.0,0
4021,0.0,0.2,1.0,0
1518,0.0,0.2,1.0,0
4013,0.0,0.2,1.0,0
181,20.53,-0.2,0.5,0
1521,0.0,0.2,1.0,0
4026,0.0,0.2,1.0,0
4018,0.0,0.2,1.0,0
4515,0.0,0.2,1.0,0
568,64.11,0.2,1.0,0
3582,79.79,0.2,1.0,0
1506,0.0,0.2,1.0,0
4001,0.0,0.2,1.0,0
4015,0.0,0.2,1.0,0
1508,0.0,0.2,1.0,0
1516,0.0,0.2,1.0,0
4524,0.0,0.2,1.0,0
4511,0.01,0.2,1.0,0
4003,0.0,0.2,1.0,0
1520,0.0,0.2,1.0,0
359,21.5,-0.2,0.5,0
4019,0.0,0.2,1.0,0
4011,0.01,0.2,1.0,0
4520,0.0,0.2,1.0,0
4010,0.01,0.2,1.0,0
2910,12.02,-0.2,1.0,0
1513,0.0,0.2,1.0,0
1527,3.16,0.2,1.0,0
4002,0.0,0.2,1.0,0
2239,21.67,-0.2,0.5,0
4508,0.0,0.2,1.0,0
6692,22.94,-0.2,0.5,0
1027,3.19,0.2,1.0,0
1502,0.0,0.2,1.0,0
4502,0.0,0.2,1.0,0
4016,0.0,0.2,1.0,0
1507,-0.08,0.2,1.0,0
4509,0.01,0.2,1.0,0
1522,0.0,0.2,1.0,0
4012,0.01,0.2,1.0,0
1517,0.0,0.2,1.0,0
4027,3.17,0.2,1.0,0
4525,0.0,0.2,1.0,0
4503,0.0,0.2,1.0,0
1526,0.0,0.2,1.0,0
1525,0.0,0.2,1.0,0
2190,20.62,0.21,0.5,0
1051,46.82,0.21,0.0,1
2679,21.18,0.21,0.5,0
2171,20.06,0.21,0.5,0
3550,45.23,0.21,1.0,0
1550,44.98,0.21,0.0,1
8716,20.85,0.21,0.5,0
4569,20.03,0.21,0.5,0
1036,30.01,0.21,1.0,0
3538,33.36,0.21,1.0,0
3568,63.8,0.21,1.0,0
3619,79.6,-0.21,1.0,0
3197,21.91,0.21,0.5,0
2228,22.39,-0.21,0.5,0
9665,22.33,0.21,0.5,0
8567,22.19,0.21,0.5,0
1628,21.91,0.21,0.5,0
192,22.03,-0.21,0.5,0
2768,20.54,-0.21,0.5,0
1772,21.38,0.21,0.5,0
2955,14.03,-0.21,0.0,1
1500,22.55,0.22,0.5,0
6681,21.65,-0.22,0.5,0
9587,80.04,0.22,0.5,0
6384,20.66,-0.22,0.5,0
3629,78.29,-0.22,1.0,0
619,66.36,0.22,1.0,0
1131,42.33,-0.22,1.0,0
9661,20.88,0.22,0.5,0
1603,21.02,0.22,0.5,0
1288,20.06,-0.22,0.5,0
1275,21.03,-0.22,0.5,0
1050,45.26,0.22,1.0,0
1300,20.73,-0.22,0.5,0
4543,23.63,0.22,0.5,0
348,22.49,-0.22,0.5,0
5119,23.39,-0.22,0.5,0
3699,20.41,-0.22,0.5,0
3936,51.85,0.22,0.5,0
1589,20.0,0.22,0.5,0
4266,21.33,0.22,0.5,0
3581,78.97,0.22,1.0,0
8347,22.57,-0.23,0.5,0
8600,19.65,0.23,1.0,0
8355,19.64,-0.23,1.0,0
2686,21.34,0.23,0.5,0
1384,22.45,-0.23,0.5,0
686,25.09,0.23,0.5,0
6967,22.44,-0.23,0.5,0
3628,78.73,-0.23,1.0,0
7047,21.29,-0.23,0.5,0
5131,22.2,-0.23,0.5,0
6974,20.42,-0.23,0.5,0
2778,20.33,-0.23,0.5,0
1499,22.11,0.23,0.5,0
4612,20.96,0.23,0.5,0
3678,24.56,-0.23,0.5,0
2345,22.26,-0.23,0.5,0
3136,54.26,0.23,1.0,0
7072,22.2,-0.23,0.5,0
7343,21.52,-0.24,0.5,0
6966,22.66,-0.24,0.5,0
2238,21.28,-0.24,0.5,0
2954,16.29,-0.24,0.0,1
358,21.4,-0.24,0.5,0
9669,23.37,0.24,0.5,0
7353,21.9,-0.24,0.5,0
618,65.55,0.24,1.0,0
2356,22.04,-0.24,0.5,0
2909,15.67,-0.24,1.0,0
3688,25.28,-0.25,0.5,0
2678,21.36,0.25,0.5,0
3193,17.59,0.25,1.0,0
180,20.85,-0.25,0.5,0
7059,22.09,-0.25,0.5,0
9664,22.24,0.25,0.5,0
1771,20.99,0.25,0.5,0
5401,20.15,-0.25,0.5,0
1394,21.6,-0.25,0.5,0
2767,20.67,-0.25,0.5,0
6691,22.25,-0.25,0.5,0
5390,22.69,-0.25,0.5,0
2227,21.6,-0.25,0.5,0
679,24.71,0.26,0.5,0
4265,21.36,0.26,0.5,0
1299,20.79,-0.26,0.5,0
4600,20.31,0.26,0.5,0
6383,19.41,-0.26,1.0,0
5118,23.03,-0.26,0.5,0
3196,20.56,0.26,0.5,0
191,22.25,-0.26,0.5,0
347,22.46,-0.26,0.5,0
8346,22.68,-0.26,0.5,0
682,25.57,0.27,0.5,0
2777,20.4,-0.27,0.5,0
1287,19.98,-0.27,1.0,0
6680,21.19,-0.27,0.5,0
3698,19.12,-0.27,1.0,0
1274,21.34,-0.27,0.5,0
6965,22.69,-0.27,0.5,0
9668,23.23,0.27,0.5,0
5130,22.23,-0.27,0.5,0
2685,20.84,0.27,0.5,0
2953,17.42,-0.27,0.0,1
6377,24.78,-0.27,0.5,0
7071,21.5,-0.28,0.5,0
4253,21.81,0.28,0.5,0
7342,21.56,-0.28,0.5,0
8354,19.69,-0.28,1.0,0
6973,19.92,-0.28,1.0,0
3677,24.42,-0.28,0.5,0
2344,22.06,-0.28,0.5,0
7046,21.78,-0.28,0.5,0
2908,19.79,-0.28,0.0,1
4264,21.08,0.28,0.5,0
1383,22.1,-0.28,0.5,0
7352,20.72,-0.29,0.5,0
685,25.1,0.29,0.5,0
2237,20.47,-0.29,0.5,0
1770,20.07,0.29,0.5,0
4611,21.16,0.29,0.5,0
357,21.0,-0.29,0.5,0
2355,20.83,-0.29,0.5,0
6382,18.39,-0.29,1.0,0
9657,21.0,0.29,0.5,0
1393,21.23,-0.29,0.5,0
179,21.14,-0.29,0.5,0
7075,22.19,-0.3,0.5,0
6376,24.97,-0.3,0.5,0
2766,20.87,-0.3,0.5,0
3192,17.68,0.3,1.0,0
8345,22.29,-0.3,0.5,0
190,22.14,-0.3,0.5,0
5117,22.98,-0.31,0.5,0
2677,21.5,0.31,0.5,0
5400,19.68,-0.31,1.0,0
2226,20.28,-0.31,0.5,0
4599,20.43,0.31,0.5,0
675,22.82,0.31,0.5,0
3186,22.88,0.31,0.5,0
3195,19.37,0.31,1.0,0
6964,22.25,-0.31,0.5,0
6690,21.08,-0.31,0.5,0
5389,22.07,-0.31,0.5,0
7058,21.91,-0.31,0.5,0
7341,21.03,-0.32,0.5,0
2776,20.44,-0.32,0.5,0
678,24.39,0.32,0.5,0
346,22.1,-0.32,0.5,0
2684,20.08,0.32,0.5,0
1298,20.67,-0.32,0.5,0
1273,21.99,-0.32,0.5,0
6679,20.18,-0.32,0.5,0
6972,19.97,-0.33,1.0,0
2907,21.0,-0.33,0.0,1
3687,25.29,-0.33,0.5,0
5129,22.5,-0.33,0.5,0
1286,20.11,-0.33,0.5,0
3676,24.65,-0.33,0.5,0
5116,22.97,-0.33,0.5,0
6375,24.89,-0.33,0.5,0
7045,22.47,-0.33,0.5,0
3697,18.17,-0.33,1.0,0
6381,17.86,-0.34,1.0,0
4252,20.59,0.34,0.5,0
2354,19.54,-0.34,1.0,0
8353,20.01,-0.34,0.5,0
178,21.3,-0.34,0.5,0
356,20.14,-0.34,0.5,0
1382,21.46,-0.34,0.5,0
1272,22.54,-0.34,0.5,0
1769,19.49,0.35,1.0,0
7070,20.24,-0.35,0.5,0
7351,19.52,-0.35,1.0,0
7044,23.15,-0.35,0.5,0
2343,21.75,-0.35,0.5,0
2950,12.69,-0.35,1.0,0
2906,22.1,-0.35,0.5,0
2236,19.74,-0.35,1.0,0
1392,20.31,-0.35,0.5,0
9656,21.38,0.36,0.5,0
3191,19.13,0.36,1.0,0
684,25.15,0.36,0.5,0
4610,21.34,0.36,0.5,0
3675,25.03,-0.36,0.5,0
3194,18.46,0.36,1.0,0
5388,20.7,-0.36,0.5,0
2225,19.36,-0.36,1.0,0
9666,22.65,0.36,0.5,0
8344,21.58,-0.36,0.5,0
189,21.66,-0.37,0.5,0
6689,19.76,-0.37,1.0,0
2683,19.5,0.37,1.0,0
5399,19.79,-0.37,1.0,0
6963,21.77,-0.37,0.5,0
2676,21.63,0.37,0.5,0
4607,22.55,0.37,0.5,0
6678,19.73,-0.37,1.0,0
2765,21.12,-0.37,0.5,0
4598,20.63,0.38,0.5,0
1758,20.94,0.38,0.5,0
3185,22.85,0.38,0.5,0
674,21.35,0.38,0.5,0
7340,20.09,-0.38,0.5,0
7073,22.53,-0.38,0.5,0
6971,20.29,-0.39,0.5,0
6374,24.98,-0.39,0.5,0
1297,20.64,-0.39,0.5,0
2949,10.89,-0.39,1.0,0
4262,19.5,0.39,1.0,0
5128,23.5,-0.39,0.5,0
345,21.56,-0.39,0.5,0
7057,21.85,-0.39,0.5,0
2775,20.37,-0.39,0.5,0
3696,17.99,-0.4,1.0,0
177,21.64,-0.4,0.5,0
677,24.01,0.4,0.5,0
1285,20.42,-0.4,0.5,0
355,19.61,-0.4,1.0,0
4259,21.41,0.4,0.5,0
3686,25.19,-0.4,0.5,0
8352,20.17,-0.4,0.5,0
9634,65.52,-0.4,0.0,1
7069,19.0,-0.41,1.0,0
1766,20.26,0.41,0.5,0
2224,18.96,-0.41,1.0,0
2353,19.04,-0.41,1.0,0
1391,19.87,-0.41,1.0,0
7350,19.1,-0.41,1.0,0
5036,30.08,-0.41,1.0,0
6380,18.78,-0.41,1.0,0
5106,37.02,-0.41,0.0,1
1381,20.16,-0.41,0.5,0
4251,19.35,0.41,1.0,0
2235,19.87,-0.42,1.0,0
2342,21.0,-0.42,0.5,0
6677,19.82,-0.42,1.0,0
2948,9.12,-0.42,1.0,0
5105,41.72,-0.42,0.0,1
1768,19.6,0.42,1.0,0
3071,68.17,-0.42,1.0,0
2682,19.7,0.43,1.0,0
3190,21.08,0.43,0.5,0
5398,20.07,-0.43,0.5,0
6962,20.37,-0.43,0.5,0
8343,20.36,-0.43,0.5,0
683,25.5,0.43,0.5,0
5387,19.08,-0.43,1.0,0
2675,21.5,0.43,0.5,0
2764,21.41,-0.43,0.5,0
188,21.07,-0.44,0.5,0
6688,19.18,-0.44,1.0,0
4609,21.88,0.44,0.5,0
176,21.99,-0.45,0.5,0
7056,21.72,-0.45,0.5,0
1284,20.83,-0.45,0.5,0
5127,24.17,-0.45,0.5,0
344,20.47,-0.45,0.5,0
9655,22.49,0.45,0.5,0
4597,20.72,0.45,0.5,0
7339,19.56,-0.45,1.0,0
6379,20.47,-0.46,0.5,0
2223,19.25,-0.46,1.0,0
6970,20.46,-0.46,0.5,0
1296,20.14,-0.46,0.5,0
2947,7.44,-0.46,1.0,0
3685,25.55,-0.46,0.5,0
6373,24.96,-0.46,0.5,0
1757,19.5,0.46,1.0,0
6676,20.18,-0.47,0.5,0
673,19.91,0.47,1.0,0
4261,19.93,0.47,1.0,0
3184,22.52,0.47,0.5,0
8351,20.57,-0.47,0.5,0
676,23.75,0.47,0.5,0
174,22.74,-0.47,0.5,0
1390,19.96,-0.47,1.0,0
2774,20.39,-0.47,0.5,0
354,19.88,-0.47,1.0,0
2221,20.69,-0.47,0.5,0
3695,19.22,-0.47,1.0,0
2946,5.79,-0.48,1.0,0
5126,24.44,-0.48,0.5,0
7055,20.84,-0.48,0.5,0
6674,21.09,-0.48,0.5,0
2352,19.26,-0.48,1.0,0
1283,21.02,-0.48,0.5,0
7349,19.23,-0.48,1.0,0
175,22.68,-0.48,0.5,0
1380,19.21,-0.48,1.0,0
3684,25.69,-0.49,0.5,0
4608,22.53,0.49,0.5,0
2341,20.1,-0.49,0.5,0
2763,22.05,-0.49,0.5,0
2681,20.15,0.49,0.5,0
2234,20.38,-0.49,0.5,0
2222,20.12,-0.49,0.5,0
4250,18.8,0.49,1.0,0
7068,18.86,-0.49,1.0,0
2761,22.79,-0.49,0.5,0
2945,3.86,-0.49,1.0,0
1767,20.05,0.49,0.5,0
5386,18.13,-0.5,1.0,0
2674,21.32,0.5,0.5,0
6378,23.07,-0.5,0.5,0
5397,20.59,-0.5,0.5,0
6675,20.8,-0.5,0.5,0
8342,19.0,-0.5,1.0,0
6961,19.36,-0.5,1.0,0
1765,20.28,0.5,0.5,0
9660,20.46,0.51,0.5,0
7338,19.83,-0.51,1.0,0
2762,22.71,-0.51,0.5,0
4603,18.72,0.51,1.0,0
187,20.11,-0.51,0.5,0
6687,19.64,-0.51,1.0,0
6969,21.39,-0.52,0.5,0
2680,20.85,0.52,0.5,0
3189,21.63,0.52,0.5,0
353,20.57,-0.52,0.5,0
4260,20.84,0.52,0.5,0
8350,21.37,-0.52,0.5,0
343,19.32,-0.52,1.0,0
3694,21.72,-0.53,0.5,0
7348,20.15,-0.53,0.5,0
1295,20.02,-0.53,0.5,0
2351,20.09,-0.53,0.5,0
1389,20.9,-0.53,0.5,0
6372,25.37,-0.53,0.5,0
2773,20.51,-0.53,0.5,0
1379,19.03,-0.54,1.0,0
7347,20.77,-0.54,0.5,0
1377,20.34,-0.54,0.5,0
2233,21.36,-0.54,0.5,0
7067,19.57,-0.54,1.0,0
4596,21.06,0.54,0.5,0
6968,22.13,-0.55,0.5,0
5385,17.5,-0.55,1.0,0
8349,22.08,-0.55,0.5,0
352,21.31,-0.55,0.5,0
1388,21.59,-0.55,0.5,0
2772,20.1,-0.55,0.5,0
9654,22.98,0.55,0.5,0
2340,19.46,-0.55,1.0,0
1756,19.06,0.55,1.0,0
2338,19.81,-0.55,1.0,0
672,19.11,0.55,1.0,0
5396,21.48,-0.55,0.5,0
3183,22.6,0.56,0.5,0
1294,19.9,-0.56,1.0,0
186,19.69,-0.56,1.0,0
7066,20.12,-0.56,0.5,0
2673,20.76,0.56,0.5,0
2232,22.04,-0.56,0.5,0
6686,20.57,-0.56,0.5,0
2350,20.8,-0.56,0.5,0
5395,22.17,-0.56,0.5,0
7335,22.18,-0.56,0.5,0
7337,20.7,-0.57,0.5,0
2339,19.47,-0.57,1.0,0
8341,18.67,-0.57,1.0,0
5383,19.05,-0.57,1.0,0
6960,18.82,-0.57,1.0,0
185,19.55,-0.57,1.0,0
6685,21.19,-0.57,0.5,0
3693,24.78,-0.57,0.5,0
4249,18.99,0.57,1.0,0
1378,19.78,-0.57,1.0,0
342,19.2,-0.57,1.0,0
340,20.32,-0.57,0.5,0
7336,21.62,-0.58,0.5,0
5384,17.88,-0.58,1.0,0
2670,19.72,0.59,1.0,0
4602,19.33,0.59,1.0,0
9659,20.66,0.59,0.5,0
1764,20.99,0.59,0.5,0
341,19.84,-0.59,1.0,0
4255,22.22,0.59,0.5,0
6371,25.72,-0.6,0.5,0
2672,20.46,0.61,0.5,0
6368,27.12,-0.61,0.5,0
3188,22.41,0.61,0.5,0
6959,19.46,-0.62,1.0,0
2671,19.93,0.62,1.0,0
6957,20.85,-0.62,0.5,0
8340,19.47,-0.63,1.0,0
4595,22.02,0.63,0.5,0
1755,19.89,0.63,1.0,0
9653,23.97,0.63,0.5,0
8338,20.83,-0.63,0.5,0
6958,20.34,-0.64,0.5,0
6370,26.44,-0.64,0.5,0
671,19.87,0.64,1.0,0
6369,26.98,-0.64,0.5,0
4601,20.04,0.65,0.5,0
8339,20.34,-0.65,0.5,0
4248,20.03,0.65,0.5,0
3182,23.26,0.65,0.5,0
4254,22.52,0.66,0.5,0
1763,22.03,0.66,0.5,0
9658,21.03,0.66,0.5,0
5140,21.2,-0.67,0.5,0
3187,22.92,0.68,0.5,0
1754,20.67,0.68,0.5,0
4594,22.71,0.68,0.5,0
9652,24.72,0.69,0.5,0
670,21.05,0.69,0.5,0
4247,20.92,0.7,0.5,0
1753,21.05,0.7,0.5,0
1761,22.92,0.71,0.5,0
4593,22.76,0.71,0.5,0
9651,25.07,0.71,0.5,0
1762,22.77,0.71,0.5,0
669,22.53,0.71,0.5,0
4246,21.51,0.72,0.5,0
5139,21.7,-0.78,0.5,0
5138,22.48,-0.87,0.5,0
3181,23.81,0.91,0.5,0
3180,23.97,0.93,0.5,0
5137,22.95,-0.94,0.5,0
5136,23.04,-0.97,0.5,0
